key	index	subculture	category	screen_name	screen_adjective	name_group	skin	ui_skin	is_rebel	mp_available	mp_available_naval	icon_path_units	flags_path	republican_flag_path	same_gov_type_revolution_flag_path	military_group	settler_rebellion_faction	movie_death_event	audio_faction_string	mp_use_republic_early	mp_use_republic_late	unit_regiment_name_group	ship_name_group	attack_desc	defend_desc	mp_stats_name	primary_colour_hex	alt_primary_colour_hex	secondary_colour_hex	alt_secondary_colour_hex	rebel_colour_hex	uniform_colour_hex	alt_uniform_colour_hex
#factions_tables;3;db/factions_tables/ntw3_factions																																	
aaa_lordz	1	sc_european_east	playable	Lordz &amp; Patrons	NTW3	names_french	france		false	true	true		data\ui\flags\f_cu_aaa_lordz			euro_group			Ru	false	false	names_english	names_french				226A22	226A22	226A22	226A22	226A22	436622	226A22
austria	2	sc_european_east	playable	Lordz 	NTW3	names_french	france		false	true	true		data\ui\flags\f_cu_aaa_lordz			euro_group			Ru	false	false	names_english	names_french				226A22	226A22	226A22	226A22	226A22	436622	226A22
denmark	5	sc_european_west	playable	Danmark	NTW3	names_french	france		false	true	true		data\ui\flags\f_cu_denmark			euro_group			Sw	false	false	names_english	names_french				D62626	D62626	D62626	D62626	D62626	355826	D62626
ntw3_ac_b10_u6_013	13	sc_european_west	playable	Drummond	NTW3	names_french	france		false	true	true		data\ui\flags\f_10b_ac013			euro_group			Uk	false	false	names_english	names_french				DE0000	DE0000	DE0000	DE0000	DE0000	597C00	DE0000
ntw3_ac_b10_u6_014	14	sc_european_west	playable	Ross	NTW3	names_french	france		false	true	true		data\ui\flags\f_10b_ac014			euro_group			Uk	false	false	names_english	names_french				DE0000	DE0000	DE0000	DE0000	DE0000	4D7000	DE0000
ntw3_ac_b10_u6_015	15	sc_european_west	playable	Brock	NTW3	names_french	france		false	true	true		data\ui\flags\f_10b_ac015			euro_group			Uk	false	false	names_english	names_french				DE0000	DE0000	DE0000	DE0000	DE0000	5D8000	DE0000
ntw3_ac_b10_e7_016	16	sc_european_south	playable	Kindelán	NTW3	names_french	france		false	true	true		data\ui\flags\f_10b_ac016			euro_group			Sp	false	false	names_english	names_french				FDD901	FDD901	FDD901	FDD901	FDD901	1F4201	FDD901
ntw3_ac_b03_a6_017	17	sc_european_west	playable	Hohenzollern	NTW3	names_french	france		false	true	true		data\ui\flags\f_03b_ac017			euro_group			Ge	false	false	names_english	names_french				A59056	A59056	A59056	A59056	A59056	608356	A59056
ntw3_ac_b03_a6_018	18	sc_european_west	playable	Melas	NTW3	names_french	france		false	true	true		data\ui\flags\f_03b_ac018			euro_group			Ge	false	false	names_english	names_french				A59056	A59056	A59056	A59056	A59056	3A5D56	A59056
ntw3_ac_b03_ag6_019	19	sc_european_west	playable	Sztáray	NTW3	names_french	france		false	true	true		data\ui\flags\f_03b_ac019			euro_group			Ge	false	false	names_english	names_french				A59056	A59056	A59056	A59056	A59056	577A56	A59056
ntw3_ac_b03_a6_020	20	sc_european_west	playable	Nauendorf	NTW3	names_french	france		false	true	true		data\ui\flags\f_03b_ac020			euro_group			Ge	false	false	names_english	names_french				A59056	A59056	A59056	A59056	A59056	2F5256	A59056
ntw3_ac_b03_a6_021	21	sc_european_west	playable	Reuß-Plauen	NTW3	names_french	france		false	true	true		data\ui\flags\f_03b_ac021			euro_group			Ge	false	false	names_english	names_french				A59056	A59056	A59056	A59056	A59056	567956	A59056
ntw3_ac_b03_u6_022	22	sc_european_west	playable	Cornwallis	NTW3	names_french	france		false	true	true		data\ui\flags\f_03b_ac022			euro_group			Uk	false	false	names_english	names_french				DE0000	DE0000	DE0000	DE0000	DE0000	2C4F00	DE0000
ntw3_ac_b03_ru7_023	23	sc_european_west	playable	York	NTW3	names_french	france		false	true	true		data\ui\flags\f_03b_ac023			euro_group			Uk	false	false	names_english	names_french				DE0000	DE0000	DE0000	DE0000	DE0000	1F4200	DE0000
ntw3_ac_b03_f6_024	24	sc_european_east	playable	Souvorov	NTW3	names_french	france		false	true	true		data\ui\flags\f_03b_ac024			euro_group			Ru	false	false	names_english	names_french				226A22	226A22	226A22	226A22	226A22	698C22	226A22
ntw3_ac_b03_r6_025	25	sc_european_east	playable	Rimski-Korsakov	NTW3	names_french	france		false	true	true		data\ui\flags\f_03b_ac025			euro_group			Ru	false	false	names_english	names_french				226A22	226A22	226A22	226A22	226A22	476A22	226A22
ntw3_ac_b05_r7_026	26	sc_european_east	playable	Bagration	NTW3	names_french	france		false	true	true		data\ui\flags\f_05b_ac026			euro_group			Ru	false	false	names_english	names_french				226A22	226A22	226A22	226A22	226A22	537622	226A22
ntw3_ac_b05_ar6_027	27	sc_european_east	playable	Buxhoeveden	NTW3	names_french	france		false	true	true		data\ui\flags\f_05b_ac027			euro_group			Ru	false	false	names_english	names_french				226A22	226A22	226A22	226A22	226A22	264922	226A22
ntw3_ac_b05_r7_028	28	sc_european_east	playable	Konstantin	NTW3	names_french	france		false	true	true		data\ui\flags\f_05b_ac028			euro_group			Ru	false	false	names_english	names_french				226A22	226A22	226A22	226A22	226A22	244722	226A22
ntw3_ac_b05_a7_029	29	sc_european_west	playable	Bellegarde	NTW3	names_french	france		false	true	true		data\ui\flags\f_05b_ac029			euro_group			Ge	false	false	names_english	names_french				A59056	A59056	A59056	A59056	A59056	618456	A59056
ntw3_ac_b05_a7_030	30	sc_european_west	playable	Mack	NTW3	names_french	france		false	true	true		data\ui\flags\f_05b_ac030			euro_group			Ge	false	false	names_english	names_french				A59056	A59056	A59056	A59056	A59056	335656	A59056
ntw3_ac_b05_a7_031	31	sc_european_west	playable	Johann	NTW3	names_french	france		false	true	true		data\ui\flags\f_05b_ac031			euro_group			Ge	false	false	names_english	names_french				A59056	A59056	A59056	A59056	A59056	1E4156	A59056
ntw3_ac_b05_rsu7_032	32	sc_european_west	playable	Cathcart	NTW3	names_french	france		false	true	true		data\ui\flags\f_05b_ac032			euro_group			Uk	false	false	names_english	names_french				DE0000	DE0000	DE0000	DE0000	DE0000	618400	DE0000
ntw3_ac_b05_a7_033	33	sc_european_west	playable	Reuß-Plauen	NTW3	names_french	france		false	true	true		data\ui\flags\f_05b_ac033			euro_group			Ge	false	false	names_english	names_french				A59056	A59056	A59056	A59056	A59056	385B56	A59056
ntw3_ac_b06_p7_034	34	sc_european_north	playable	Braunschweig	NTW3	names_french	france		false	true	true		data\ui\flags\f_06b_ac034			euro_group			Ge	false	false	names_english	names_french				1E2343	1E2343	1E2343	1E2343	1E2343	5E8143	1E2343
ntw3_ac_b06_gp7_035	35	sc_european_north	playable	Hohenlohe	NTW3	names_french	france		false	true	true		data\ui\flags\f_06b_ac035			euro_group			Ge	false	false	names_english	names_french				1E2343	1E2343	1E2343	1E2343	1E2343	224543	1E2343
ntw3_ac_b06_p7_036	36	sc_european_north	playable	Kalckreuth	NTW3	names_french	france		false	true	true		data\ui\flags\f_06b_ac036			euro_group			Ge	false	false	names_english	names_french				1E2343	1E2343	1E2343	1E2343	1E2343	678A43	1E2343
ntw3_ac_b06_p7_037	37	sc_european_north	playable	Rüchel	NTW3	names_french	france		false	true	true		data\ui\flags\f_06b_ac037			euro_group			Ge	false	false	names_english	names_french				1E2343	1E2343	1E2343	1E2343	1E2343	274A43	1E2343
ntw3_ac_b06_p7_038	38	sc_european_north	playable	Württemberg	NTW3	names_french	france		false	true	true		data\ui\flags\f_06b_ac038			euro_group			Ge	false	false	names_english	names_french				1E2343	1E2343	1E2343	1E2343	1E2343	567943	1E2343
ntw3_ac_b06_g7_039	39	sc_european_west	playable	Zezschwitz	NTW3	names_french	france		false	true	true		data\ui\flags\f_06b_ac039			euro_group			Ge	false	false	names_english	names_french				39B408	39B408	39B408	39B408	39B408	456808	39B408
ntw3_ac_b06_r6_040	40	sc_european_east	playable	Bagration	NTW3	names_french	france		false	true	true		data\ui\flags\f_06b_ac040			euro_group			Ru	false	false	names_english	names_french				226A22	226A22	226A22	226A22	226A22	456822	226A22
ntw3_ac_b06_r7_041	41	sc_european_east	playable	Gortchakov	NTW3	names_french	france		false	true	true		data\ui\flags\f_06b_ac041			euro_group			Ru	false	false	names_english	names_french				226A22	226A22	226A22	226A22	226A22	547722	226A22
ntw3_ac_b06_r6_042	42	sc_european_east	playable	Dokhtourov	NTW3	names_french	france		false	true	true		data\ui\flags\f_06b_ac042			euro_group			Ru	false	false	names_english	names_french				226A22	226A22	226A22	226A22	226A22	517422	226A22
ntw3_ac_b06_r7_043	43	sc_european_east	playable	Konstantin	NTW3	names_french	france		false	true	true		data\ui\flags\f_06b_ac043			euro_group			Ru	false	false	names_english	names_french				226A22	226A22	226A22	226A22	226A22	496C22	226A22
ntw3_ac_b06_s7_044	44	sc_european_north	playable	Essen	NTW3	names_french	france		false	true	true		data\ui\flags\f_06b_ac044			euro_group			Sw	false	false	names_english	names_french				2B4581	2B4581	2B4581	2B4581	2B4581	4A6D81	2B4581
ntw3_ac_b06_pr7_045	45	sc_european_north	playable	L&#x27;Estocq	NTW3	names_french	france		false	true	true		data\ui\flags\f_06b_ac045			euro_group			Ge	false	false	names_english	names_french				1E2343	1E2343	1E2343	1E2343	1E2343	365943	1E2343
ntw3_ac_b08_a6_046	46	sc_european_west	playable	Bellegarde	NTW3	names_french	france		false	true	true		data\ui\flags\f_08b_ac046			euro_group			Ge	false	false	names_english	names_french				A59056	A59056	A59056	A59056	A59056	6D9056	A59056
ntw3_ac_b08_a6_047	47	sc_european_west	playable	Kollowrat	NTW3	names_french	france		false	true	true		data\ui\flags\f_08b_ac047			euro_group			Ge	false	false	names_english	names_french				A59056	A59056	A59056	A59056	A59056	5F8256	A59056
ntw3_ac_b08_a6_048	48	sc_european_west	playable	Hohenzollern	NTW3	names_french	france		false	true	true		data\ui\flags\f_08b_ac048			euro_group			Ge	false	false	names_english	names_french				A59056	A59056	A59056	A59056	A59056	264956	A59056
ntw3_ac_b08_a6_049	49	sc_european_west	playable	Rosenberg	NTW3	names_french	france		false	true	true		data\ui\flags\f_08b_ac049			euro_group			Ge	false	false	names_english	names_french				A59056	A59056	A59056	A59056	A59056	315456	A59056
ntw3_ac_b08_a6_050	50	sc_european_west	playable	Ludwig	NTW3	names_french	france		false	true	true		data\ui\flags\f_08b_ac050			euro_group			Ge	false	false	names_english	names_french				A59056	A59056	A59056	A59056	A59056	527556	A59056
ntw3_ac_b08_a5_051	51	sc_european_west	playable	Hiller	NTW3	names_french	france		false	true	true		data\ui\flags\f_08b_ac051			euro_group			Ge	false	false	names_english	names_french				A59056	A59056	A59056	A59056	A59056	2B4E56	A59056
ntw3_ac_b08_a6_052	52	sc_european_west	playable	D’Este	NTW3	names_french	france		false	true	true		data\ui\flags\f_08b_ac052			euro_group			Ge	false	false	names_english	names_french				A59056	A59056	A59056	A59056	A59056	3D6056	A59056
ntw3_ac_b08_a6_053	53	sc_european_west	playable	Liechtenstein	NTW3	names_french	france		false	true	true		data\ui\flags\f_08b_ac053			euro_group			Ge	false	false	names_english	names_french				A59056	A59056	A59056	A59056	A59056	2D5056	A59056
ntw3_ac_b08_ag6_054	54	sc_european_west	playable	Kienmayer	NTW3	names_french	france		false	true	true		data\ui\flags\f_08b_ac054			euro_group			Ge	false	false	names_english	names_french				A59056	A59056	A59056	A59056	A59056	517456	A59056
ntw3_ac_b08_u7_055	55	sc_european_west	playable	Pitt	NTW3	names_french	france		false	true	true		data\ui\flags\f_08b_ac055			euro_group			Uk	false	false	names_english	names_french				DE0000	DE0000	DE0000	DE0000	DE0000	315400	DE0000
ntw3_ac_b08_u7_056	56	sc_european_west	playable	Hope	NTW3	names_french	france		false	true	true		data\ui\flags\f_08b_ac056			euro_group			Uk	false	false	names_english	names_french				DE0000	DE0000	DE0000	DE0000	DE0000	436600	DE0000
ntw3_ac_b12_u5_057	57	sc_european_west	playable	Oranje-Nassau	NTW3	names_french	france		false	true	true		data\ui\flags\f_12b_ac057			euro_group			Uk	false	false	names_english	names_french				DE0000	DE0000	DE0000	DE0000	DE0000	628500	DE0000
ntw3_ac_b12_u6_058	58	sc_european_west	playable	Hill	NTW3	names_french	france		false	true	true		data\ui\flags\f_12b_ac058			euro_group			Uk	false	false	names_english	names_french				DE0000	DE0000	DE0000	DE0000	DE0000	2C4F00	DE0000
ntw3_ac_b12_u5_059	59	sc_european_west	playable	Wellington	NTW3	names_french	france		false	true	true		data\ui\flags\f_12b_ac059			euro_group			Uk	false	false	names_english	names_french				DE0000	DE0000	DE0000	DE0000	DE0000	3A5D00	DE0000
ntw3_ac_b12_u6_060	60	sc_european_west	playable	Uxbridge	NTW3	names_french	france		false	true	true		data\ui\flags\f_12b_ac060			euro_group			Uk	false	false	names_english	names_french				DE0000	DE0000	DE0000	DE0000	DE0000	66CA00	DE0000
ntw3_ac_b12_p6_062	62	sc_european_north	playable	Zieten	NTW3	names_french	france		false	true	true		data\ui\flags\f_12b_ac062			euro_group			Ge	false	false	names_english	names_french				1E2343	1E2343	1E2343	1E2343	1E2343	638643	1E2343
ntw3_ac_b12_p6_063	63	sc_european_north	playable	Pirch	NTW3	names_french	france		false	true	true		data\ui\flags\f_12b_ac063			euro_group			Ge	false	false	names_english	names_french				1E2343	1E2343	1E2343	1E2343	1E2343	6C8F43	1E2343
ntw3_ac_b12_p6_064	64	sc_european_north	playable	Thielemann	NTW3	names_french	france		false	true	true		data\ui\flags\f_12b_ac064			euro_group			Ge	false	false	names_english	names_french				1E2343	1E2343	1E2343	1E2343	1E2343	5C7F43	1E2343
ntw3_ac_b12_p6_065	65	sc_european_north	playable	Bülow	NTW3	names_french	france		false	true	true		data\ui\flags\f_12b_ac065			euro_group			Ge	false	false	names_english	names_french				1E2343	1E2343	1E2343	1E2343	1E2343	537643	1E2343
ntw3_ac_b04_o7_066	66	sc_mideast_islamic	playable	Mourad	NTW3	names_french	france		false	true	true		data\ui\flags\f_04b_ac066			euro_group			Tu	false	false	names_english	names_french				860000	860000	860000	860000	860000	5CC000	860000
ntw3_ac_b04_o7_067	67	sc_mideast_islamic	playable	Ibrahim	NTW3	names_french	france		false	true	true		data\ui\flags\f_04b_ac067			euro_group			Tu	false	false	names_english	names_french				860000	860000	860000	860000	860000	5E8100	860000
ntw3_ac_b04_o7_068	68	sc_mideast_islamic	playable	Da&#x27;Woud	NTW3	names_french	france		false	true	true		data\ui\flags\f_04b_ac068			euro_group			Tu	false	false	names_english	names_french				860000	860000	860000	860000	860000	507300	860000
ntw3_ac_b04_o7_069	69	sc_mideast_islamic	playable	Hacı Moustafa	NTW3	names_french	france		false	true	true		data\ui\flags\f_04b_ac069			euro_group			Tu	false	false	names_english	names_french				860000	860000	860000	860000	860000	4C6F00	860000
ntw3_ac_b04_o7_070	70	sc_mideast_islamic	playable	Abū Marak	NTW3	names_french	france		false	true	true		data\ui\flags\f_04b_ac070			euro_group			Tu	false	false	names_english	names_french				860000	860000	860000	860000	860000	5F8200	860000
ntw3_ac_b04_u6_071	71	sc_european_west	playable	Abercromby	NTW3	names_french	france		false	true	true		data\ui\flags\f_04b_ac071			euro_group			Uk	false	false	names_english	names_french				DE0000	DE0000	DE0000	DE0000	DE0000	2A4D00	DE0000
ntw3_ac_b04_u7_072	72	sc_european_west	playable	Baird	NTW3	names_french	france		false	true	true		data\ui\flags\f_04b_ac072			euro_group			Uk	false	false	names_english	names_french				DE0000	DE0000	DE0000	DE0000	DE0000	2B4E00	DE0000
ntw3_ac_b04_o7_073	73	sc_mideast_islamic	playable	Abdoullah	NTW3	names_french	france		false	true	true		data\ui\flags\f_04b_ac073			euro_group			Tu	false	false	names_english	names_french				860000	860000	860000	860000	860000	254800	860000
ntw3_ac_b04_o7_074	74	sc_mideast_islamic	playable	Youssouf	NTW3	names_french	france		false	true	true		data\ui\flags\f_04b_ac074			euro_group			Tu	false	false	names_english	names_french				860000	860000	860000	860000	860000	355800	860000
ntw3_ac_a04_f5_076	76	sc_european_west	playable	Bonaparte	NTW3	names_french	france		false	true	true		data\ui\flags\f_04a_ac076			euro_group			Fr	false	false	names_english	names_french				094F96	094F96	094F96	094F96	094F96	547796	094F96
ntw3_ac_a04_f5_077	77	sc_european_west	playable	Desaix	NTW3	names_french	france		false	true	true		data\ui\flags\f_04a_ac077			euro_group			Fr	false	false	names_english	names_french				094F96	094F96	094F96	094F96	094F96	446796	094F96
ntw3_ac_a04_f5_078	78	sc_european_west	playable	Menou	NTW3	names_french	france		false	true	true		data\ui\flags\f_04a_ac078			euro_group			Fr	false	false	names_english	names_french				094F96	094F96	094F96	094F96	094F96	416496	094F96
ntw3_ac_a04_f5_079	79	sc_european_west	playable	Chabot	NTW3	names_french	france		false	true	true		data\ui\flags\f_04a_ac079			euro_group			Fr	false	false	names_english	names_french				094F96	094F96	094F96	094F96	094F96	486B96	094F96
ntw3_ac_a03_f5_080	80	sc_european_west	playable	Bonaparte	NTW3	names_french	france		false	true	true		data\ui\flags\f_03a_ac080			euro_group			Fr	false	false	names_english	names_french				094F96	094F96	094F96	094F96	094F96	294C96	094F96
ntw3_ac_a03_f5_081	81	sc_european_west	playable	Desaix	NTW3	names_french	france		false	true	true		data\ui\flags\f_03a_ac081			euro_group			Fr	false	false	names_english	names_french				094F96	094F96	094F96	094F96	094F96	547796	094F96
ntw3_ac_a03_f5_082	82	sc_european_west	playable	Masséna	NTW3	names_french	france		false	true	true		data\ui\flags\f_03a_ac082			euro_group			Fr	false	false	names_english	names_french				094F96	094F96	094F96	094F96	094F96	597C96	094F96
ntw3_ac_a03_f5_083	83	sc_european_west	playable	Suchet	NTW3	names_french	france		false	true	true		data\ui\flags\f_03a_ac083			euro_group			Fr	false	false	names_english	names_french				094F96	094F96	094F96	094F96	094F96	5F8296	094F96
ntw3_ac_a03_f6_084	84	sc_european_west	playable	Moreau	NTW3	names_french	france		false	true	true		data\ui\flags\f_03a_ac084			euro_group			Fr	false	false	names_english	names_french				094F96	094F96	094F96	094F96	094F96	688B96	094F96
ntw3_ac_a03_f6_085	85	sc_european_west	playable	Lecourbe	NTW3	names_french	france		false	true	true		data\ui\flags\f_03a_ac085			euro_group			Fr	false	false	names_english	names_french				094F96	094F96	094F96	094F96	094F96	244796	094F96
ntw3_ac_a03_f6_086	86	sc_european_west	playable	Gouvion Saint-Cyr	NTW3	names_french	france		false	true	true		data\ui\flags\f_03a_ac086			euro_group			Fr	false	false	names_english	names_french				094F96	094F96	094F96	094F96	094F96	6A8D96	094F96
ntw3_ac_a03_f6_087	87	sc_european_west	playable	Sainte-Suzanne	NTW3	names_french	france		false	true	true		data\ui\flags\f_03a_ac087			euro_group			Fr	false	false	names_english	names_french				094F96	094F96	094F96	094F96	094F96	315496	094F96
ntw3_ac_a03_f5_088	88	sc_european_west	playable	Humbert	NTW3	names_french	france		false	true	true		data\ui\flags\f_03a_ac088			euro_group			Fr	false	false	names_english	names_french				094F96	094F96	094F96	094F96	094F96	305396	094F96
ntw3_ac_a03_f5_089	89	sc_european_west	playable	Brune	NTW3	names_french	france		false	true	true		data\ui\flags\f_03a_ac089			euro_group			Fr	false	false	names_english	names_french				094F96	094F96	094F96	094F96	094F96	3E6196	094F96
ntw3_ac_a05_fg5_090	90	sc_european_west	playable	Bernadotte	NTW3	names_french	france		false	true	true		data\ui\flags\f_05a_ac090			euro_group			Fr	false	false	names_english	names_french				094F96	094F96	094F96	094F96	094F96	214496	094F96
ntw3_ac_a05_f5_091	91	sc_european_west	playable	Masséna	NTW3	names_french	france		false	true	true		data\ui\flags\f_05a_ac091			euro_group			Fr	false	false	names_english	names_french				094F96	094F96	094F96	094F96	094F96	305396	094F96
ntw3_ac_a05_f4_092	92	sc_european_west	playable	Davout	NTW3	names_french	france		false	true	true		data\ui\flags\f_05a_ac092			euro_group			Fr	false	false	names_english	names_french				094F96	094F96	094F96	094F96	094F96	567996	094F96
ntw3_ac_a05_f2_093	93	sc_european_west	playable	Soult	NTW3	names_french	france		false	true	true		data\ui\flags\f_05a_ac093			euro_group			Fr	false	false	names_english	names_french				094F96	094F96	094F96	094F96	094F96	6A8D96	094F96
ntw3_ac_a05_f4_094	94	sc_european_west	playable	Lannes	NTW3	names_french	france		false	true	true		data\ui\flags\f_05a_ac094			euro_group			Fr	false	false	names_english	names_french				094F96	094F96	094F96	094F96	094F96	325596	094F96
ntw3_ac_a05_fg5_095	95	sc_european_west	playable	Ney	NTW3	names_french	france		false	true	true		data\ui\flags\f_05a_ac095			euro_group			Fr	false	false	names_english	names_french				094F96	094F96	094F96	094F96	094F96	204396	094F96
ntw3_ac_a05_f4_096	96	sc_european_west	playable	Garde impériale	NTW3	names_french	france		false	true	true		data\ui\flags\f_05a_ac096			euro_group			Fr	false	false	names_english	names_french				094F96	094F96	094F96	094F96	094F96	628596	094F96
ntw3_ac_a05_f4_097	97	sc_european_west	playable	Murat	NTW3	names_french	france		false	true	true		data\ui\flags\f_05a_ac097			euro_group			Fr	false	false	names_english	names_french				094F96	094F96	094F96	094F96	094F96	65C996	094F96
ntw3_ac_a05_f5_098	98	sc_european_west	playable	Marmont	NTW3	names_french	france		false	true	true		data\ui\flags\f_05a_ac098			euro_group			Fr	false	false	names_english	names_french				094F96	094F96	094F96	094F96	094F96	234696	094F96
ntw3_ac_a06_f4_099	99	sc_european_west	playable	Bernadotte	NTW3	names_french	france		false	true	true		data\ui\flags\f_06a_ac099			euro_group			Fr	false	false	names_english	names_french				094F96	094F96	094F96	094F96	094F96	476A96	094F96
ntw3_ac_a06_f3_100	100	sc_european_west	playable	Murat	NTW3	names_french	france		false	true	true		data\ui\flags\f_06a_ac100			euro_group			Fr	false	false	names_english	names_french				094F96	094F96	094F96	094F96	094F96	5EC296	094F96
ntw3_ac_a06_s2_101	101	sc_european_west	playable	Davout	NTW3	names_french	france		false	true	true		data\ui\flags\f_06a_ac101			euro_group			Fr	false	false	names_english	names_french				094F96	094F96	094F96	094F96	094F96	5E8196	094F96
ntw3_ac_a06_f3_102	102	sc_european_west	playable	Soult	NTW3	names_french	france		false	true	true		data\ui\flags\f_06a_ac102			euro_group			Fr	false	false	names_english	names_french				094F96	094F96	094F96	094F96	094F96	1F4296	094F96
ntw3_ac_a06_f3_103	103	sc_european_west	playable	Lannes	NTW3	names_french	france		false	true	true		data\ui\flags\f_06a_ac103			euro_group			Fr	false	false	names_english	names_french				094F96	094F96	094F96	094F96	094F96	446796	094F96
ntw3_ac_a06_f3_104	104	sc_european_west	playable	Ney	NTW3	names_french	france		false	true	true		data\ui\flags\f_06a_ac104			euro_group			Fr	false	false	names_english	names_french				094F96	094F96	094F96	094F96	094F96	224596	094F96
ntw3_ac_a06_f4_105	105	sc_european_west	playable	Garde impériale	NTW3	names_french	france		false	true	true		data\ui\flags\f_06a_ac105			euro_group			Fr	false	false	names_english	names_french				094F96	094F96	094F96	094F96	094F96	4C6F96	094F96
ntw3_ac_a06_f3_106	106	sc_european_west	playable	Augereau	NTW3	names_french	france		false	true	true		data\ui\flags\f_06a_ac106			euro_group			Fr	false	false	names_english	names_french				094F96	094F96	094F96	094F96	094F96	577A96	094F96
ntw3_ac_a06_e7_107	107	sc_european_south	playable	La Romana	NTW3	names_french	france		false	true	true		data\ui\flags\f_06a_ac107			euro_group			Sp	false	false	names_english	names_french				FDD901	FDD901	FDD901	FDD901	FDD901	658801	FDD901
ntw3_ac_a08_f5_108	108	sc_european_west	playable	Davout	NTW3	names_french	france		false	true	true		data\ui\flags\f_08a_ac108			euro_group			Fr	false	false	names_english	names_french				094F96	094F96	094F96	094F96	094F96	476A96	094F96
ntw3_ac_a08_f5_109	109	sc_european_west	playable	Lannes	NTW3	names_french	france		false	true	true		data\ui\flags\f_08a_ac109			euro_group			Fr	false	false	names_english	names_french				094F96	094F96	094F96	094F96	094F96	4A6D96	094F96
ntw3_ac_a08_g5_110	110	sc_european_west	playable	Lefebvre	NTW3	names_french	france		false	true	true		data\ui\flags\f_08a_ac110			euro_group			Ge	false	false	names_english	names_french				094F96	094F96	094F96	094F96	094F96	5B7E96	094F96
ntw3_ac_a08_f5_111	111	sc_european_west	playable	Masséna	NTW3	names_french	france		false	true	true		data\ui\flags\f_08a_ac111			euro_group			Fr	false	false	names_english	names_french				094F96	094F96	094F96	094F96	094F96	254896	094F96
ntw3_ac_a08_g5_112	112	sc_european_west	playable	Bernadotte	NTW3	names_french	france		false	true	true		data\ui\flags\f_08a_ac112			euro_group			Fr	false	false	names_english	names_french				094F96	094F96	094F96	094F96	094F96	2F5296	094F96
ntw3_ac_a08_g5_113	113	sc_european_west	playable	Jérôme	NTW3	names_french	france		false	true	true		data\ui\flags\f_08a_ac113			euro_group			Ge	false	false	names_english	names_french				094F96	094F96	094F96	094F96	094F96	395C96	094F96
ntw3_ac_a08_f5_114	114	sc_european_west	playable	Garde impériale	NTW3	names_french	france		false	true	true		data\ui\flags\f_08a_ac114			euro_group			Fr	false	false	names_english	names_french				094F96	094F96	094F96	094F96	094F96	618496	094F96
ntw3_ac_a08_f5_115	115	sc_european_east	playable	Poniatowski	NTW3	names_french	france		false	true	true		data\ui\flags\f_08a_ac115			euro_group			Pl	false	false	names_english	names_french				A03038	A03038	A03038	A03038	A03038	618438	A03038
ntw3_ac_a08_r6_116	116	sc_european_east	playable	Golitsyn	NTW3	names_french	france		false	true	true		data\ui\flags\f_08a_ac116			euro_group			Ru	false	false	names_english	names_french				226A22	226A22	226A22	226A22	226A22	234622	226A22
ntw3_ac_a11_f5_117	117	sc_european_west	playable	Davout	NTW3	names_french	france		false	true	true		data\ui\flags\f_11a_ac117			euro_group			Fr	false	false	names_english	names_french				094F96	094F96	094F96	094F96	094F96	4E7196	094F96
ntw3_ac_a11_f6_118	118	sc_european_west	playable	Oudinot	NTW3	names_french	france		false	true	true		data\ui\flags\f_11a_ac118			euro_group			Fr	false	false	names_english	names_french				094F96	094F96	094F96	094F96	094F96	6D9096	094F96
ntw3_ac_a11_fg5_119	119	sc_european_west	playable	Ney	NTW3	names_french	france		false	true	true		data\ui\flags\f_11a_ac119			euro_group			Fr	false	false	names_english	names_french				094F96	094F96	094F96	094F96	094F96	668996	094F96
ntw3_ac_a11_fi5_120	120	sc_european_west	playable	Eugène	NTW3	names_french	france		false	true	true		data\ui\flags\f_11a_ac120			euro_group			Fr	false	false	names_english	names_french				094F96	094F96	094F96	094F96	094F96	294C96	094F96
ntw3_ac_a11_f5_121	121	sc_european_east	playable	Poniatowski	NTW3	names_french	france		false	true	true		data\ui\flags\f_11a_ac121			euro_group			Pl	false	false	names_english	names_french				A03038	A03038	A03038	A03038	A03038	1F4238	A03038
ntw3_ac_a11_g5_122	122	sc_european_west	playable	Gouvion Saint-Cyr	NTW3	names_french	france		false	true	true		data\ui\flags\f_11a_ac122			euro_group			Ge	false	false	names_english	names_french				A2DBE8	A2DBE8	A2DBE8	A2DBE8	A2DBE8	577AE8	A2DBE8
ntw3_ac_a11_g5_123	123	sc_european_west	playable	Reynier	NTW3	names_french	france		false	true	true		data\ui\flags\f_11a_ac123			euro_group			Ge	false	false	names_english	names_french				A2DBE8	A2DBE8	A2DBE8	A2DBE8	A2DBE8	2C4FE8	A2DBE8
ntw3_ac_a11_g5_124	124	sc_european_west	playable	Junot	NTW3	names_french	france		false	true	true		data\ui\flags\f_11a_ac124			euro_group			Ge	false	false	names_english	names_french				1B5A72	1B5A72	1B5A72	1B5A72	1B5A72	547772	1B5A72
ntw3_ac_a11_g6_125	125	sc_european_west	playable	Victor	NTW3	names_french	france		false	true	true		data\ui\flags\f_11a_ac125			euro_group			Fr	false	false	names_english	names_french				094F96	094F96	094F96	094F96	094F96	5D8096	094F96
ntw3_ac_a11_p7_126	126	sc_european_west	playable	MacDonald	NTW3	names_french	france		false	true	true		data\ui\flags\f_11a_ac126			euro_group			Fr	false	false	names_english	names_french				094F96	094F96	094F96	094F96	094F96	678A96	094F96
ntw3_ac_a11_fi7_127	127	sc_european_west	playable	Augereau	NTW3	names_french	france		false	true	true		data\ui\flags\f_11a_ac127			euro_group			Fr	false	false	names_english	names_french				094F96	094F96	094F96	094F96	094F96	3C5F96	094F96
ntw3_ac_a11_a7_128	128	sc_european_west	playable	Schwarzenberg	NTW3	names_french	france		false	true	true		data\ui\flags\f_11a_ac128			euro_group			Ge	false	false	names_english	names_french				A59056	A59056	A59056	A59056	A59056	3D6056	A59056
ntw3_ac_a11_s7_129	129	sc_european_west	playable	Ewald	NTW3	names_french	france		false	true	true		data\ui\flags\f_11a_ac129			euro_group			Sw	false	false	names_english	names_french				D62626	D62626	D62626	D62626	D62626	618426	D62626
ntw3_ac_a11_f5_130	130	sc_european_west	playable	Garde impériale	NTW3	names_french	france		false	true	true		data\ui\flags\f_11a_ac130			euro_group			Fr	false	false	names_english	names_french				094F96	094F96	094F96	094F96	094F96	2A4D96	094F96
ntw3_ac_a11_f5_131	131	sc_european_west	playable	Murat	NTW3	names_french	france		false	true	true		data\ui\flags\f_11a_ac131			euro_group			Fr	false	false	names_english	names_french				094F96	094F96	094F96	094F96	094F96	68CC96	094F96
ntw3_ac_a12_f6_132	132	sc_european_west	playable	d&#x27;Erlon	NTW3	names_french	france		false	true	true		data\ui\flags\f_12a_ac132			euro_group			Fr	false	false	names_english	names_french				094F96	094F96	094F96	094F96	094F96	678A96	094F96
ntw3_ac_a12_f6_133	133	sc_european_west	playable	Reille	NTW3	names_french	france		false	true	true		data\ui\flags\f_12a_ac133			euro_group			Fr	false	false	names_english	names_french				094F96	094F96	094F96	094F96	094F96	1F4296	094F96
ntw3_ac_a12_f6_134	134	sc_european_west	playable	Vandamme	NTW3	names_french	france		false	true	true		data\ui\flags\f_12a_ac134			euro_group			Fr	false	false	names_english	names_french				094F96	094F96	094F96	094F96	094F96	4C6F96	094F96
ntw3_ac_a12_f6_135	135	sc_european_west	playable	Gérard	NTW3	names_french	france		false	true	true		data\ui\flags\f_12a_ac135			euro_group			Fr	false	false	names_english	names_french				094F96	094F96	094F96	094F96	094F96	507396	094F96
ntw3_ac_a12_f6_136	136	sc_european_west	playable	Mouton	NTW3	names_french	france		false	true	true		data\ui\flags\f_12a_ac136			euro_group			Fr	false	false	names_english	names_french				094F96	094F96	094F96	094F96	094F96	5D8096	094F96
ntw3_ac_a12_f6_137	137	sc_european_west	playable	Pajol	NTW3	names_french	france		false	true	true		data\ui\flags\f_12a_ac137			euro_group			Fr	false	false	names_english	names_french				094F96	094F96	094F96	094F96	094F96	57BB96	094F96
ntw3_ac_a12_f6_138	138	sc_european_west	playable	Kellermann	NTW3	names_french	france		false	true	true		data\ui\flags\f_12a_ac138			euro_group			Fr	false	false	names_english	names_french				094F96	094F96	094F96	094F96	094F96	238796	094F96
ntw3_ac_a12_f6_139	139	sc_european_west	playable	Garde impériale	NTW3	names_french	france		false	true	true		data\ui\flags\f_12a_ac139			euro_group			Fr	false	false	names_english	names_french				094F96	094F96	094F96	094F96	094F96	698C96	094F96
ntw3_ac_a09_f6_140	140	sc_european_west	playable	Victor	NTW3	names_french	france		false	true	true		data\ui\flags\f_09a_ac140			euro_group			Fr	false	false	names_english	names_french				094F96	094F96	094F96	094F96	094F96	466996	094F96
ntw3_ac_a09_f6_141	141	sc_european_west	playable	Suchet	NTW3	names_french	france		false	true	true		data\ui\flags\f_09a_ac141			euro_group			Fr	false	false	names_english	names_french				094F96	094F96	094F96	094F96	094F96	234696	094F96
ntw3_ac_a09_fg6_142	142	sc_european_west	playable	Sébastiani	NTW3	names_french	france		false	true	true		data\ui\flags\f_09a_ac142			euro_group			Fr	false	false	names_english	names_french				094F96	094F96	094F96	094F96	094F96	567996	094F96
ntw3_ac_a09_f6_143	143	sc_european_west	playable	Mortier	NTW3	names_french	france		false	true	true		data\ui\flags\f_09a_ac143			euro_group			Fr	false	false	names_english	names_french				094F96	094F96	094F96	094F96	094F96	688B96	094F96
ntw3_ac_a09_f6_144	144	sc_european_west	playable	Ney	NTW3	names_french	france		false	true	true		data\ui\flags\f_09a_ac144			euro_group			Fr	false	false	names_english	names_french				094F96	094F96	094F96	094F96	094F96	3E6196	094F96
ntw3_ac_a09_fi6_145	145	sc_european_west	playable	Gouvion Saint-Cyr	NTW3	names_french	france		false	true	true		data\ui\flags\f_09a_ac145			euro_group			Fr	false	false	names_english	names_french				094F96	094F96	094F96	094F96	094F96	214496	094F96
ntw3_ac_a09_f6_146	146	sc_european_west	playable	Kellermann	NTW3	names_french	france		false	true	true		data\ui\flags\f_09a_ac146			euro_group			Fr	false	false	names_english	names_french				094F96	094F96	094F96	094F96	094F96	1E4196	094F96
ntw3_ac_a09_f6_147	147	sc_european_west	playable	Joseph	NTW3	names_french	france		false	true	true		data\ui\flags\f_09a_ac147			euro_group			Fr	false	false	names_english	names_french				094F96	094F96	094F96	094F96	094F96	658896	094F96
ntw3_ac_a09_f5_148	148	sc_european_west	playable	Soult	NTW3	names_french	france		false	true	true		data\ui\flags\f_09a_ac148			euro_group			Fr	false	false	names_english	names_french				094F96	094F96	094F96	094F96	094F96	294C96	094F96
ntw3_ac_a13_f6_149	149	sc_european_west	playable	Masséna	NTW3	names_french	france		false	true	true		data\ui\flags\f_13a_ac149			euro_group			Fr	false	false	names_english	names_french				094F96	094F96	094F96	094F96	094F96	5D8096	094F96
ntw3_ac_a13_f6_150	150	sc_european_west	playable	Soult	NTW3	names_french	france		false	true	true		data\ui\flags\f_13a_ac150			euro_group			Fr	false	false	names_english	names_french				094F96	094F96	094F96	094F96	094F96	3F6296	094F96
ntw3_ac_a13_f6_151	151	sc_european_west	playable	Joseph	NTW3	names_french	france		false	true	true		data\ui\flags\f_13a_ac151			euro_group			Fr	false	false	names_english	names_french				094F96	094F96	094F96	094F96	094F96	416496	094F96
ntw3_ac_a13_f6_152	152	sc_european_west	playable	Suchet	NTW3	names_french	france		false	true	true		data\ui\flags\f_13a_ac152			euro_group			Fr	false	false	names_english	names_french				094F96	094F96	094F96	094F96	094F96	264996	094F96
ntw3_ac_a13_f6_153	153	sc_european_west	playable	Dorsenne	NTW3	names_french	france		false	true	true		data\ui\flags\f_13a_ac153			euro_group			Fr	false	false	names_english	names_french				094F96	094F96	094F96	094F96	094F96	5B7E96	094F96
ntw3_ac_a13_f6_154	154	sc_european_west	playable	MacDonald	NTW3	names_french	france		false	true	true		data\ui\flags\f_13a_ac154			euro_group			Fr	false	false	names_english	names_french				094F96	094F96	094F96	094F96	094F96	3C5F96	094F96
ntw3_ac_a14_f7_155	155	sc_european_south	playable	Suchet	NTW3	names_french	france		false	true	true		data\ui\flags\f_14a_ac155			euro_group			It	false	false	names_english	names_french				094F96	094F96	094F96	094F96	094F96	3C5F96	094F96
ntw3_ac_a14_i7_156	156	sc_european_south	playable	Carrascosa	NTW3	names_french	france		false	true	true		data\ui\flags\f_14a_ac156			euro_group			It	false	false	names_english	names_french				DDDDDD	DDDDDD	DDDDDD	DDDDDD	DDDDDD	3B5EDD	DDDDDD
ntw3_ac_a14_i7_157	157	sc_european_south	playable	Lecchi	NTW3	names_french	france		false	true	true		data\ui\flags\f_14a_ac157			euro_group			It	false	false	names_english	names_french				DDDDDD	DDDDDD	DDDDDD	DDDDDD	DDDDDD	486BDD	DDDDDD
ntw3_ac_a14_i6_158	158	sc_european_west	playable	Murat	NTW3	names_french	france		false	true	true		data\ui\flags\f_14a_ac158			euro_group			Fr	false	false	names_english	names_french				DDDDDD	DDDDDD	DDDDDD	DDDDDD	DDDDDD	486BDD	DDDDDD
ntw3_ac_b14_ai6_159	159	sc_european_west	playable	Bubna	NTW3	names_french	france		false	true	true		data\ui\flags\f_14b_ac159			euro_group			Ge	false	false	names_english	names_french				A59056	A59056	A59056	A59056	A59056	486B56	A59056
ntw3_ac_b14_a6_160	160	sc_european_west	playable	Frimont	NTW3	names_french	france		false	true	true		data\ui\flags\f_14b_ac160			euro_group			Ge	false	false	names_english	names_french				A59056	A59056	A59056	A59056	A59056	345756	A59056
ntw3_ac_b14_a6_161	161	sc_european_west	playable	Bianchi	NTW3	names_french	france		false	true	true		data\ui\flags\f_14b_ac161			euro_group			Ge	false	false	names_english	names_french				A59056	A59056	A59056	A59056	A59056	486B56	A59056
ntw3_ac_b14_a6_162	162	sc_european_west	playable	Neipperg	NTW3	names_french	france		false	true	true		data\ui\flags\f_14b_ac162			euro_group			Ge	false	false	names_english	names_french				A59056	A59056	A59056	A59056	A59056	688B56	A59056
ntw3_ac_b09_u4_163	163	sc_european_west	playable	Wellesley	NTW3	names_french	france		false	true	true		data\ui\flags\f_09b_ac163			euro_group			Uk	false	false	names_english	names_french				DE0000	DE0000	DE0000	DE0000	DE0000	385B00	DE0000
ntw3_ac_b09_e6_164	164	sc_european_south	playable	Beresford	NTW3	names_french	france		false	true	true		data\ui\flags\f_09b_ac164			euro_group			Po	false	false	names_english	names_french				EEF2F8	EEF2F8	EEF2F8	EEF2F8	EEF2F8	6487F8	EEF2F8
ntw3_ac_b09_e6_165	165	sc_european_south	playable	Cuesta	NTW3	names_french	france		false	true	true		data\ui\flags\f_09b_ac165			euro_group			Sp	false	false	names_english	names_french				FDD901	FDD901	FDD901	FDD901	FDD901	537601	FDD901
ntw3_ac_b09_e6_166	166	sc_european_south	playable	Venegas	NTW3	names_french	france		false	true	true		data\ui\flags\f_09b_ac166			euro_group			Sp	false	false	names_english	names_french				FDD901	FDD901	FDD901	FDD901	FDD901	254801	FDD901
ntw3_ac_b09_e6_167	167	sc_european_south	playable	Del Parque	NTW3	names_french	france		false	true	true		data\ui\flags\f_09b_ac167			euro_group			Sp	false	false	names_english	names_french				FDD901	FDD901	FDD901	FDD901	FDD901	688B01	FDD901
ntw3_ac_b09_e6_168	168	sc_european_south	playable	Coupigny	NTW3	names_french	france		false	true	true		data\ui\flags\f_09b_ac168			euro_group			Sp	false	false	names_english	names_french				FDD901	FDD901	FDD901	FDD901	FDD901	244701	FDD901
ntw3_ac_b09_e6_169	169	sc_european_south	playable	Blake y Joyes	NTW3	names_french	france		false	true	true		data\ui\flags\f_09b_ac169			euro_group			Sp	false	false	names_english	names_french				FDD901	FDD901	FDD901	FDD901	FDD901	6E9101	FDD901
ntw3_ac_b09_e6_170	170	sc_european_south	playable	Teixeira	NTW3	names_french	france		false	true	true		data\ui\flags\f_09b_ac170			euro_group			Po	false	false	names_english	names_french				EEF2F8	EEF2F8	EEF2F8	EEF2F8	EEF2F8	1F42F8	EEF2F8
ntw3_ac_b13_eu6_171	171	sc_european_west	playable	Wellington	NTW3	names_french	france		false	true	true		data\ui\flags\f_13b_ac171			euro_group			Uk	false	false	names_english	names_french				DE0000	DE0000	DE0000	DE0000	DE0000	2E5100	DE0000
ntw3_ac_b13_eu6_172	172	sc_european_west	playable	Beresford	NTW3	names_french	france		false	true	true		data\ui\flags\f_13b_ac172			euro_group			Uk	false	false	names_english	names_french				DE0000	DE0000	DE0000	DE0000	DE0000	224500	DE0000
ntw3_ac_b13_u6_173	173	sc_european_west	playable	Graham	NTW3	names_french	france		false	true	true		data\ui\flags\f_13b_ac173			euro_group			Uk	false	false	names_english	names_french				DE0000	DE0000	DE0000	DE0000	DE0000	375A00	DE0000
ntw3_ac_b13_e6_174	174	sc_european_south	playable	Iranzo	NTW3	names_french	france		false	true	true		data\ui\flags\f_13b_ac174			euro_group			Sp	false	false	names_english	names_french				FDD901	FDD901	FDD901	FDD901	FDD901	496C01	FDD901
ntw3_ac_b13_e6_175	175	sc_european_south	playable	Freire	NTW3	names_french	france		false	true	true		data\ui\flags\f_13b_ac175			euro_group			Sp	false	false	names_english	names_french				FDD901	FDD901	FDD901	FDD901	FDD901	5B7E01	FDD901
ntw3_ac_b13_e6_176	176	sc_european_south	playable	Blake	NTW3	names_french	france		false	true	true		data\ui\flags\f_13b_ac176			euro_group			Sp	false	false	names_english	names_french				FDD901	FDD901	FDD901	FDD901	FDD901	496C01	FDD901
ntw3_ac_b13_e6_177	177	sc_european_south	playable	Santocildes	NTW3	names_french	france		false	true	true		data\ui\flags\f_13b_ac177			euro_group			Sp	false	false	names_english	names_french				FDD901	FDD901	FDD901	FDD901	FDD901	4C6F01	FDD901
ntw3_ac_b13_e6_178	178	sc_european_south	playable	Mendizábal	NTW3	names_french	france		false	true	true		data\ui\flags\f_13b_ac178			euro_group			Sp	false	false	names_english	names_french				FDD901	FDD901	FDD901	FDD901	FDD901	5B7E01	FDD901
ntw3_ac_a07_s7_179	179	sc_european_west	playable	Hessen-Kassel	NTW3	names_french	france		false	true	true		data\ui\flags\f_07a_ac179			euro_group			Sw	false	false	names_english	names_french				D62626	D62626	D62626	D62626	D62626	486B26	D62626
ntw3_ac_a07_r6_180	180	sc_european_east	playable	Buxhoeveden	NTW3	names_french	france		false	true	true		data\ui\flags\f_07a_ac180			euro_group			Ru	false	false	names_english	names_french				226A22	226A22	226A22	226A22	226A22	406322	226A22
ntw3_ac_a07_r6_181	181	sc_european_east	playable	Kamenski	NTW3	names_french	france		false	true	true		data\ui\flags\f_07a_ac181			euro_group			Ru	false	false	names_english	names_french				226A22	226A22	226A22	226A22	226A22	4E7122	226A22
ntw3_ac_a07_r5_182	182	sc_european_east	playable	Koulnyov	NTW3	names_french	france		false	true	true		data\ui\flags\f_07a_ac182			euro_group			Ru	false	false	names_english	names_french				226A22	226A22	226A22	226A22	226A22	305322	226A22
ntw3_ac_b11_r5_183	183	sc_european_east	playable	Bagration	NTW3	names_french	france		false	true	true		data\ui\flags\f_11b_ac183			euro_group			Ru	false	false	names_english	names_french				226A22	226A22	226A22	226A22	226A22	4E7122	226A22
ntw3_ac_b11_r5_184	184	sc_european_east	playable	Baggovout	NTW3	names_french	france		false	true	true		data\ui\flags\f_11b_ac184			euro_group			Ru	false	false	names_english	names_french				226A22	226A22	226A22	226A22	226A22	6A8D22	226A22
ntw3_ac_b11_r5_185	185	sc_european_east	playable	Toutchkov	NTW3	names_french	france		false	true	true		data\ui\flags\f_11b_ac185			euro_group			Ru	false	false	names_english	names_french				226A22	226A22	226A22	226A22	226A22	3F6222	226A22
ntw3_ac_b11_r5_186	186	sc_european_east	playable	Osterman-Tolstoi	NTW3	names_french	france		false	true	true		data\ui\flags\f_11b_ac186			euro_group			Ru	false	false	names_english	names_french				226A22	226A22	226A22	226A22	226A22	6A8D22	226A22
ntw3_ac_b11_r5_187	187	sc_european_east	playable	Ouvarov	NTW3	names_french	france		false	true	true		data\ui\flags\f_11b_ac187			euro_group			Ru	false	false	names_english	names_french				226A22	226A22	226A22	226A22	226A22	6ED222	226A22
ntw3_ac_b11_r5_188	188	sc_european_east	playable	Konstantin	NTW3	names_french	france		false	true	true		data\ui\flags\f_11b_ac188			euro_group			Ru	false	false	names_english	names_french				226A22	226A22	226A22	226A22	226A22	2F5222	226A22
ntw3_ac_b11_r5_189	189	sc_european_east	playable	Platov	NTW3	names_french	france		false	true	true		data\ui\flags\f_11b_ac189			euro_group			Ru	false	false	names_english	names_french				226A22	226A22	226A22	226A22	226A22	258922	226A22
ntw3_ac_b11_r5_190	190	sc_european_east	playable	Dokhtourov	NTW3	names_french	france		false	true	true		data\ui\flags\f_11b_ac190			euro_group			Ru	false	false	names_english	names_french				226A22	226A22	226A22	226A22	226A22	5A7D22	226A22
ntw3_ac_b11_m4_191	191	sc_european_east	playable	Davidov	NTW3	names_french	france		false	true	true		data\ui\flags\f_11b_ac191			euro_group			Ru	false	false	names_english	names_french				226A22	226A22	226A22	226A22	226A22	618422	226A22
ntw3_ac_b11_r5_192	192	sc_european_east	playable	Tormassov	NTW3	names_french	france		false	true	true		data\ui\flags\f_11b_ac192			euro_group			Ru	false	false	names_english	names_french				226A22	226A22	226A22	226A22	226A22	436622	226A22
ntw3_ac_b07_u7_193	193	sc_european_west	playable	Moore	NTW3	names_french	france		false	true	true		data\ui\flags\f_07b_ac193			euro_group			Uk	false	false	names_english	names_french				DE0000	DE0000	DE0000	DE0000	DE0000	2E5100	DE0000
ntw3_ac_b07_s6_194	194	sc_european_north	playable	Klingspor	NTW3	names_french	france		false	true	true		data\ui\flags\f_07b_ac194			euro_group			Sw	false	false	names_english	names_french				2B4581	2B4581	2B4581	2B4581	2B4581	305381	2B4581
ntw3_ac_b07_s5_195	195	sc_european_north	playable	Adlercreutz	NTW3	names_french	france		false	true	true		data\ui\flags\f_07b_ac195			euro_group			Sw	false	false	names_english	names_french				2B4581	2B4581	2B4581	2B4581	2B4581	4F7281	2B4581
ntw3_ac_b07_s6_196	196	sc_european_north	playable	Döbeln	NTW3	names_french	france		false	true	true		data\ui\flags\f_07b_ac196			euro_group			Sw	false	false	names_english	names_french				2B4581	2B4581	2B4581	2B4581	2B4581	5F8281	2B4581
ntw3_ac_a10_m7_197	197	sc_european_south	playable	Harrison	NTW3	names_french	france		false	true	true		data\ui\flags\f_10a_ac197			euro_group			Us	false	false	names_english	names_french				C4AAAA	C4AAAA	C4AAAA	C4AAAA	C4AAAA	3255AA	C4AAAA
ntw3_ac_a10_m6_198	198	sc_european_south	playable	Brown	NTW3	names_french	france		false	true	true		data\ui\flags\f_10a_ac198			euro_group			Us	false	false	names_english	names_french				C4AAAA	C4AAAA	C4AAAA	C4AAAA	C4AAAA	3C5FAA	C4AAAA
ntw3_ac_a10_m5_199	199	sc_european_south	playable	Jackson	NTW3	names_french	france		false	true	true		data\ui\flags\f_10a_ac199			euro_group			Us	false	false	names_english	names_french				C4AAAA	C4AAAA	C4AAAA	C4AAAA	C4AAAA	4C6FAA	C4AAAA
ntw3_ac_a10_m7_200	200	sc_european_south	playable	Smith	NTW3	names_french	france		false	true	true		data\ui\flags\f_10a_ac200			euro_group			Us	false	false	names_english	names_french				C4AAAA	C4AAAA	C4AAAA	C4AAAA	C4AAAA	5E81AA	C4AAAA
france	203	sc_european_west	playable	France (1796)	NTW3	names_french	france		false	true	true		data\ui\flags\f_cu_france			euro_group			Fr	false	false	names_english	names_french				094F96	094F96	094F96	094F96	094F96	2D5096	094F96
ntw3_hre	208	sc_european_west	playable	Heiliges Römisches Reich	NTW3	names_french	france		false	true	true		data\ui\flags\f_cu_hre			euro_group			Ge	false	false	names_english	names_french				A59056	A59056	A59056	A59056	A59056	3E6156	A59056
britain	214	sc_european_west	playable	"UK (Spain, 1808)"	NTW3	names_french	france		false	true	true		data\ui\flags\f_cu_britain			euro_group			Uk	false	false	names_english	names_french				DE0000	DE0000	DE0000	DE0000	DE0000	3C5F00	DE0000
piedmont_savoy	229	sc_european_south	playable	Piemonte-Sardegna (1796)	NTW3	names_french	france		false	true	true		data\ui\flags\f_cu_piedmont_savoy			euro_group			Fr	false	false	names_english	names_french				9193AD	9193AD	9193AD	9193AD	9193AD	5376AD	9193AD
saxony	235	sc_european_west	playable	Placeholder A	NTW3	names_french	france		false	true	true		data\ui\flags\f_cu_saxony			euro_group			Ge	false	false	names_english	names_french				C4AAAA	C4AAAA	C4AAAA	C4AAAA	C4AAAA	2C4FAA	C4AAAA
ntw3_ac_a08_fi5_242	242	sc_european_west	playable	Eugène	NTW3	names_french	france		false	true	true		data\ui\flags\f_08a_ac242			euro_group			Fr	false	false	names_english	names_french				094F96	094F96	094F96	094F96	094F96	557896	094F96
ntw3_ac_a08_f5_243	243	sc_european_west	playable	Marmont	NTW3	names_french	france		false	true	true		data\ui\flags\f_08a_ac243			euro_group			Fr	false	false	names_english	names_french				094F96	094F96	094F96	094F96	094F96	456896	094F96
ntw3_ac_b08_a6_244	244	sc_european_west	playable	Johann	NTW3	names_french	france		false	true	true		data\ui\flags\f_08b_ac244			euro_group			Ge	false	false	names_english	names_french				A59056	A59056	A59056	A59056	A59056	3E6156	A59056
ntw3_ac_b08_a5_245	245	sc_european_west	playable	Chasteler	NTW3	names_french	france		false	true	true		data\ui\flags\f_08b_ac245			euro_group			Ge	false	false	names_english	names_french				A59056	A59056	A59056	A59056	A59056	315456	A59056
ntw3_ac_a06_f4_246	246	sc_european_west	playable	Mortier	NTW3	names_french	france		false	true	true		data\ui\flags\f_06a_ac246			euro_group			Fr	false	false	names_english	names_french				094F96	094F96	094F96	094F96	094F96	3B5E96	094F96
ntw3_ac_a13_f6_247	247	sc_european_west	playable	Victor	NTW3	names_french	france		false	true	true		data\ui\flags\f_13a_ac247			euro_group			Fr	false	false	names_english	names_french				094F96	094F96	094F96	094F96	094F96	5B7E96	094F96
ntw3_ac_a08_g5_248	248	sc_european_west	playable	Vandamme	NTW3	names_french	france		false	true	true		data\ui\flags\f_08a_ac248			euro_group			Ge	false	false	names_english	names_french				094F96	094F96	094F96	094F96	094F96	547796	094F96
ntw3_ac_b11_r5_249	249	sc_european_east	playable	Wittgenstein	NTW3	names_french	france		false	true	true		data\ui\flags\f_11b_ac249			euro_group			Ru	false	false	names_english	names_french				226A22	226A22	226A22	226A22	226A22	618422	226A22
hannover	251	sc_european_west	playable	Placeholder B	NTW3	names_french	france		false	true	true		data\ui\flags\f_cu_hannover			euro_group			Ge	false	false	names_english	names_french				C4AAAA	C4AAAA	C4AAAA	C4AAAA	C4AAAA	3558AA	C4AAAA
ntw3_ac_b15_o7_252	252	sc_mideast_islamic	playable	Koca Hüsrev	NTW3	names_french	france		false	true	true		data\ui\flags\f_15b_ac252			euro_group			Tu	false	false	names_english	names_french				860000	860000	860000	860000	860000	224500	860000
ntw3_ac_b15_o6_253	253	sc_mideast_islamic	playable	Kör Yusuf Ziyaüddin	NTW3	names_french	france		false	true	true		data\ui\flags\f_15b_ac253			euro_group			Tu	false	false	names_english	names_french				860000	860000	860000	860000	860000	2C4F00	860000
ntw3_ac_b15_o7_254	254	sc_mideast_islamic	playable	Laz Aziz	NTW3	names_french	france		false	true	true		data\ui\flags\f_15b_ac254			euro_group			Tu	false	false	names_english	names_french				860000	860000	860000	860000	860000	496C00	860000
ntw3_ac_b15_o7_255	255	sc_mideast_islamic	playable	Abbas Mīrzā	NTW3	names_french	france		false	true	true		data\ui\flags\f_15b_ac255			euro_group			Tu	false	false	names_english	names_french				008600	008600	008600	008600	008600	2E5100	008600
ntw3_ac_b15_o6_256	256	sc_mideast_islamic	playable	Javad Qajar	NTW3	names_french	france		false	true	true		data\ui\flags\f_15b_ac256			euro_group			Tu	false	false	names_english	names_french				008600	008600	008600	008600	008600	678A00	008600
ntw3_ac_b15_o6_257	257	sc_mideast_islamic	playable	Eskandar Mīrzā	NTW3	names_french	france		false	true	true		data\ui\flags\f_15b_ac257			euro_group			Tu	false	false	names_english	names_french				008600	008600	008600	008600	008600	204300	008600
ntw3_ac_a15_a6_258	258	sc_european_east	playable	Goudovitch	NTW3	names_french	france		false	true	true		data\ui\flags\f_15a_ac258			euro_group			Ru	false	false	names_english	names_french				226A22	226A22	226A22	226A22	226A22	375A22	226A22
ntw3_ac_a15_r6_259	259	sc_european_east	playable	Tsitsyanov	NTW3	names_french	france		false	true	true		data\ui\flags\f_15a_ac259			euro_group			Ru	false	false	names_english	names_french				226A22	226A22	226A22	226A22	226A22	517422	226A22
ntw3_ac_a15_r5_260	260	sc_european_east	playable	Koutouzov	NTW3	names_french	france		false	true	true		data\ui\flags\f_15a_ac260			euro_group			Ru	false	false	names_english	names_french				226A22	226A22	226A22	226A22	226A22	517422	226A22
ntw3_ac_a15_r5_261	261	sc_european_east	playable	Kotlyarevski	NTW3	names_french	france		false	true	true		data\ui\flags\f_15a_ac261			euro_group			Ru	false	false	names_english	names_french				226A22	226A22	226A22	226A22	226A22	577A22	226A22
ntw3_ac_b11_e5_262	262	sc_european_east	playable	Steinheil	NTW3	names_french	france		false	true	true		data\ui\flags\f_11b_ac262			euro_group			Ru	false	false	names_english	names_french				226A22	226A22	226A22	226A22	226A22	436622	226A22
ntw3_ac_b11_r5_263	263	sc_european_east	playable	Tchitchagov	NTW3	names_french	france		false	true	true		data\ui\flags\f_11b_ac263			euro_group			Ru	false	false	names_english	names_french				226A22	226A22	226A22	226A22	226A22	1E4122	226A22
ntw3_ac_a16_f6_264	264	sc_european_west	playable	Napoléon	NTW3	names_french	france		false	true	true		data\ui\flags\f_16a_ac264			euro_group			Fr	false	false	names_english	names_french				094F96	094F96	094F96	094F96	094F96	5B7E96	094F96
ntw3_ac_a16_f6_265	265	sc_european_west	playable	Ney	NTW3	names_french	france		false	true	true		data\ui\flags\f_16a_ac265			euro_group			Fr	false	false	names_english	names_french				094F96	094F96	094F96	094F96	094F96	2F5296	094F96
ntw3_ac_a16_f6_266	266	sc_european_west	playable	Murat	NTW3	names_french	france		false	true	true		data\ui\flags\f_16a_ac266			euro_group			Fr	false	false	names_english	names_french				094F96	094F96	094F96	094F96	094F96	456896	094F96
ntw3_ac_a16_f6_267	267	sc_european_west	playable	Garde impériale	NTW3	names_french	france		false	true	true		data\ui\flags\f_16a_ac267			euro_group			Fr	false	false	names_english	names_french				094F96	094F96	094F96	094F96	094F96	466996	094F96
ntw3_ac_a16_fi6_268	268	sc_european_west	playable	Bertrand	NTW3	names_french	france		false	true	true		data\ui\flags\f_16a_ac268			euro_group			Fr	false	false	names_english	names_french				094F96	094F96	094F96	094F96	094F96	527596	094F96
ntw3_ac_a16_s7_269	269	sc_european_west	playable	Hessen-Kassel	NTW3	names_french	france		false	true	true		data\ui\flags\f_16a_ac269			euro_group			Sw	false	false	names_english	names_french				D62626	D62626	D62626	D62626	D62626	507326	D62626
ntw3_ac_b16_prs5_270	270	sc_european_north	playable	Bernadotte	NTW3	names_french	france		false	true	true		data\ui\flags\f_16b_ac270			euro_group			Sw	false	false	names_english	names_french				2B4581	2B4581	2B4581	2B4581	2B4581	3E6181	2B4581
ntw3_ac_b16_pr7_271	271	sc_european_north	playable	Blücher	NTW3	names_french	france		false	true	true		data\ui\flags\f_16b_ac271			euro_group			Ge	false	false	names_english	names_french				1E2343	1E2343	1E2343	1E2343	1E2343	3E6143	1E2343
ntw3_ac_b16_p7_272	272	sc_european_north	playable	Kleist	NTW3	names_french	france		false	true	true		data\ui\flags\f_16b_ac272			euro_group			Ge	false	false	names_english	names_french				1E2343	1E2343	1E2343	1E2343	1E2343	375A43	1E2343
ntw3_ac_b16_a7_273	273	sc_european_west	playable	Schwarzenberg	NTW3	names_french	france		false	true	true		data\ui\flags\f_16b_ac273			euro_group			Ge	false	false	names_english	names_french				A59056	A59056	A59056	A59056	A59056	496C56	A59056
ntw3_ac_b16_r7_274	274	sc_european_east	playable	Barclay de Tolly	NTW3	names_french	france		false	true	true		data\ui\flags\f_16b_ac274			euro_group			Ru	false	false	names_english	names_french				226A22	226A22	226A22	226A22	226A22	4E7122	226A22
ntw3_ac_b16_r7_275	275	sc_european_east	playable	Konstantin	NTW3	names_french	france		false	true	true		data\ui\flags\f_16b_ac275			euro_group			Ru	false	false	names_english	names_french				226A22	226A22	226A22	226A22	226A22	5F8222	226A22
ntw3_ac_b16_r7_276	276	sc_european_east	playable	Bennigsen	NTW3	names_french	france		false	true	true		data\ui\flags\f_16b_ac276			euro_group			Ru	false	false	names_english	names_french				226A22	226A22	226A22	226A22	226A22	638622	226A22
ntw3_ac_a16_f5_277	277	sc_european_east	playable	Dąbrowski	NTW3	names_french	france		false	true	true		data\ui\flags\f_16a_ac277			euro_group			Pl	false	false	names_english	names_french				A03038	A03038	A03038	A03038	A03038	406338	A03038
ntw3_ac_b16_a7_278	278	sc_european_west	playable	Gyulay	NTW3	names_french	france		false	true	true		data\ui\flags\f_16b_ac278			euro_group			Ge	false	false	names_english	names_french				A59056	A59056	A59056	A59056	A59056	456856	A59056
ntw3_ac_b17_ag7_279	279	sc_european_west	playable	Schwarzenberg	NTW3	names_french	france		false	true	true		data\ui\flags\f_17b_ac279			euro_group			Ge	false	false	names_english	names_french				A59056	A59056	A59056	A59056	A59056	486B56	A59056
ntw3_ac_b17_pr7_280	280	sc_european_east	playable	Barclay de Tolly	NTW3	names_french	france		false	true	true		data\ui\flags\f_17b_ac280			euro_group			Ru	false	false	names_english	names_french				226A22	226A22	226A22	226A22	226A22	698C22	226A22
ntw3_ac_b17_p7_281	281	sc_european_north	playable	Blücher	NTW3	names_french	france		false	true	true		data\ui\flags\f_17b_ac281			euro_group			Ge	false	false	names_english	names_french				1E2343	1E2343	1E2343	1E2343	1E2343	446743	1E2343
ntw3_ac_a17_f6_282	282	sc_european_west	playable	Ney	NTW3	names_french	france		false	true	true		data\ui\flags\f_17a_ac282			euro_group			Fr	false	false	names_english	names_french				094F96	094F96	094F96	094F96	094F96	305396	094F96
ntw3_ac_a17_f6_283	283	sc_european_west	playable	Mortier	NTW3	names_french	france		false	true	true		data\ui\flags\f_17a_ac283			euro_group			Fr	false	false	names_english	names_french				094F96	094F96	094F96	094F96	094F96	2F5296	094F96
ntw3_ac_b17_f6_284	284	sc_european_west	playable	Wellington	NTW3	names_french	france		false	true	true		data\ui\flags\f_17b_ac284			euro_group			Uk	false	false	names_english	names_french				DE0000	DE0000	DE0000	DE0000	DE0000	2C4F00	DE0000
ntw3_ac_b17_r7_285	285	sc_european_east	playable	Wintzingerode	NTW3	names_french	france		false	true	true		data\ui\flags\f_17b_ac285			euro_group			Ru	false	false	names_english	names_french				226A22	226A22	226A22	226A22	2B4581	3D6022	226A22
ntw3_ac_b17_x7_286	286	sc_european_west	playable	Bellegarde	NTW3	names_french	france		false	true	true		data\ui\flags\f_17b_ac286			euro_group			Ge	false	false	names_english	names_french				A59056	A59056	A59056	A59056	A59056	345756	A59056
ntw3_ac_b17_x7_287	287	sc_european_west	playable	Bianchi	NTW3	names_french	france		false	true	true		data\ui\flags\f_17b_ac287			euro_group			Ge	false	false	names_english	names_french				A59056	A59056	A59056	A59056	A59056	648756	A59056
ntw3_ac_b17_x7_288	288	sc_european_north	playable	Bülow	NTW3	names_french	france		false	true	true		data\ui\flags\f_17b_ac288			euro_group			Ge	false	false	names_english	names_french				1E2343	1E2343	1E2343	1E2343	1E2343	6A8D43	1E2343
ntw3_ac_a17_f6_289	289	sc_european_west	playable	Victor	NTW3	names_french	france		false	true	true		data\ui\flags\f_17a_ac289			euro_group			Fr	false	false	names_english	names_french				094F96	094F96	094F96	094F96	094F96	507396	094F96
ntw3_ac_a17_f6_290	290	sc_european_west	playable	MacDonald	NTW3	names_french	france		false	true	true		data\ui\flags\f_17a_ac290			euro_group			Fr	false	false	names_english	names_french				094F96	094F96	094F96	094F96	094F96	6E9196	094F96
ntw3_ac_a17_p6_291	291	sc_european_west	playable	Soult	NTW3	names_french	france		false	true	true		data\ui\flags\f_17a_ac291			euro_group			Fr	false	false	names_english	names_french				094F96	094F96	094F96	094F96	094F96	527596	094F96
ntw3_ac_a17_fi6_292	292	sc_european_west	playable	Eugène	NTW3	names_french	france		false	true	true		data\ui\flags\f_17a_ac292			euro_group			Fr	false	false	names_english	names_french				094F96	094F96	094F96	094F96	094F96	3B5E96	094F96
ntw3_ac_a17_f6_293	293	sc_european_west	playable	Maison	NTW3	names_french	france		false	true	true		data\ui\flags\f_17a_ac293			euro_group			Fr	false	false	names_english	names_french				094F96	094F96	094F96	094F96	094F96	446796	094F96
ntw3_ac_a17_f6_294	294	sc_european_west	playable	Augereau	NTW3	names_french	france		false	true	true		data\ui\flags\f_17a_ac294			euro_group			Fr	false	false	names_english	names_french				094F96	094F96	094F96	094F96	094F96	234696	094F96
ntw3_ac_a17_x7_295	295	sc_european_west	playable	Donzelot	NTW3	names_french	france		false	true	true		data\ui\flags\f_17a_ac295			euro_group			Fr	false	false	names_english	names_french				094F96	094F96	094F96	094F96	094F96	638696	094F96
ntw3_ac_b17_g8_296	296	sc_european_west	playable	Wrede	NTW3	names_french	france		false	true	true		data\ui\flags\f_17b_ac296			euro_group			Ge	false	false	names_english	names_french				007391	007391	007391	007391	008600	466900	008600
ntw3_ac_b17_r7_297	297	sc_european_east	playable	Osten-Sacken	NTW3	names_french	france		false	true	true		data\ui\flags\f_17b_ac297			euro_group			Ru	false	false	names_english	names_french				226A22	226A22	226A22	226A22	008600	3D6022	226A22
ntw3_tow_a05_f8_001	10001	sc_european_west	playable	France	NTW3	names_french	france		false	true	true		data\ui\flags\f_05a_tow001			euro_group			Fr	false	false	names_english	names_french				094F96	094F96	094F96	094F96	094F96	628596	094F96
ntw3_tow_a06_f8_002	10002	sc_european_west	playable	France	NTW3	names_french	france		false	true	true		data\ui\flags\f_06a_tow002			euro_group			Fr	false	false	names_english	names_french				094F96	094F96	094F96	094F96	094F96	5C7F96	094F96
ntw3_tow_a12_f8_003	10003	sc_european_west	playable	France	NTW3	names_french	france		false	true	true		data\ui\flags\f_12a_tow003			euro_group			Fr	false	false	names_english	names_french				094F96	094F96	094F96	094F96	094F96	446796	094F96
ntw3_tow_a05_f8_004	10004	sc_european_west	playable	France	NTW3	names_french	france		false	true	true		data\ui\flags\f_05a_tow004			euro_group			Fr	false	false	names_english	names_french				094F96	094F96	094F96	094F96	094F96	365996	094F96
ntw3_tow_a04_f8_005	10005	sc_european_west	playable	France	NTW3	names_french	france		false	true	true		data\ui\flags\f_04a_tow005			euro_group			Fr	false	false	names_english	names_french				094F96	094F96	094F96	094F96	094F96	3F6296	094F96
ntw3_tow_b05_r8_006	10006	sc_european_east	playable	"Rossiya, Österreich"	NTW3	names_french	france		false	true	true		data\ui\flags\f_05b_tow006			euro_group			Ru	false	false	names_english	names_french				226A22	226A22	226A22	226A22	226A22	618422	226A22
ntw3_tow_b05_a8_007	10007	sc_european_west	playable	Österreich	NTW3	names_french	france		false	true	true		data\ui\flags\f_05b_tow007			euro_group			Ge	false	false	names_english	names_french				A59056	A59056	A59056	A59056	A59056	507356	A59056
ntw3_tow_b06_r8_008	10008	sc_european_east	playable	Rossiya	NTW3	names_french	france		false	true	true		data\ui\flags\f_06b_tow008			euro_group			Ru	false	false	names_english	names_french				226A22	226A22	226A22	226A22	226A22	557822	226A22
ntw3_tow_b06_p8_009	10009	sc_european_north	playable	Preußen	NTW3	names_french	france		false	true	true		data\ui\flags\f_06b_tow009			euro_group			Ge	false	false	names_english	names_french				1E2343	1E2343	1E2343	1E2343	1E2343	406343	1E2343
ntw3_tow_b12_p8_011	10011	sc_european_north	playable	Preußen	NTW3	names_french	france		false	true	true		data\ui\flags\f_12b_tow011			euro_group			Ge	false	false	names_english	names_french				1E2343	1E2343	1E2343	1E2343	1E2343	3B5E43	1E2343
ntw3_tow_b12_u8_012	10012	sc_european_west	playable	"UK, Nederlanden"	NTW3	names_french	france		false	true	true		data\ui\flags\f_12b_tow012			euro_group			Uk	false	false	names_english	names_french				DE0000	DE0000	DE0000	DE0000	DE0000	446700	DE0000
ntw3_tow_b11_r8_013	10013	sc_european_east	playable	Rossiya	NTW3	names_french	france		false	true	true		data\ui\flags\f_11b_tow013			euro_group			Ru	false	false	names_english	names_french				226A22	226A22	226A22	226A22	226A22	3D6022	226A22
ntw3_tow_b11_mr8_014	10014	sc_european_east	playable	Russkiy narod	NTW3	names_french	france		false	true	true		data\ui\flags\f_11b_tow014			euro_group			Ru	false	false	names_english	names_french				226A22	226A22	226A22	226A22	226A22	224522	226A22
ntw3_tow_b04_o8_015	10015	sc_mideast_islamic	playable	Mamālīk	NTW3	names_french	france		false	true	true		data\ui\flags\f_04b_tow015			euro_group			Tu	false	false	names_english	names_french				860000	860000	860000	860000	860000	416400	860000
ntw3_tow_b04_o8_016	10016	sc_european_west	playable	"Osmanlı, UK"	NTW3	names_french	france		false	true	true		data\ui\flags\f_04b_tow016			euro_group			Uk	false	false	names_english	names_french				DE0000	DE0000	DE0000	DE0000	DE0000	3A5D00	DE0000
ntw3_tow_c07_r8_017	10017	sc_european_east	playable	Rossiya	NTW3	names_french	france		false	true	true		data\ui\flags\f_07a_tow017			euro_group			Ru	false	false	names_english	names_french				226A22	226A22	226A22	226A22	226A22	6E9122	226A22
ntw3_tow_b07_s8_018	10018	sc_european_north	playable	Sverige	NTW3	names_french	france		false	true	true		data\ui\flags\f_07b_tow018			euro_group			Sw	false	false	names_english	names_french				2B4581	2B4581	2B4581	2B4581	2B4581	365981	2B4581
ntw3_tow_b09_e8_019	10019	sc_european_south	playable	España	NTW3	names_french	france		false	true	true		data\ui\flags\f_09b_tow019			euro_group			Sp	false	false	names_english	names_french				FDD901	FDD901	FDD901	FDD901	FDD901	628501	FDD901
ntw3_tow_b09_e8_020	10020	sc_european_west	playable	"UK, España, Portugal"	NTW3	names_french	france		false	true	true		data\ui\flags\f_09b_tow020			euro_group			Uk	false	false	names_english	names_french				DE0000	DE0000	DE0000	DE0000	DE0000	2B4E00	DE0000
ntw3_tow_a09_f8_021	10021	sc_european_west	playable	France	NTW3	names_french	france		false	true	true		data\ui\flags\f_09a_tow021			euro_group			Fr	false	false	names_english	names_french				094F96	094F96	094F96	094F96	094F96	3D6096	094F96
ntw3_tow_a13_f8_022	10022	sc_european_west	playable	France	NTW3	names_french	france		false	true	true		data\ui\flags\f_13a_tow022			euro_group			Fr	false	false	names_english	names_french				094F96	094F96	094F96	094F96	094F96	3F6296	094F96
ntw3_tow_c10_m8_025	10025	sc_european_south	playable	United States	NTW3	names_french	france		false	true	true		data\ui\flags\f_10a_tow025			euro_group			Us	false	false	names_english	names_french				C4AAAA	C4AAAA	C4AAAA	C4AAAA	C4AAAA	3053AA	C4AAAA
ntw3_tow_b10_u8_026	10026	sc_european_west	playable	UK	NTW3	names_french	france		false	true	true		data\ui\flags\f_10b_tow026			euro_group			Uk	false	false	names_english	names_french				DE0000	DE0000	DE0000	DE0000	DE0000	416400	DE0000
ntw3_tow_a11_x8_027	10027	sc_european_west	playable	France	NTW3	names_french	france		false	true	true		data\ui\flags\f_11a_tow027			euro_group			Fr	false	false	names_english	names_french				094F96	094F96	094F96	094F96	094F96	6B8E96	094F96
ntw3_tow_a11_f8_028	10028	sc_european_west	playable	France	NTW3	names_french	france		false	true	true		data\ui\flags\f_11a_tow028			euro_group			Fr	false	false	names_english	names_french				094F96	094F96	094F96	094F96	094F96	2F5296	094F96
ntw3_tow_a11_x8_029	10029	sc_european_west	playable	France	NTW3	names_french	france		false	true	true		data\ui\flags\f_11a_tow029			euro_group			Fr	false	false	names_english	names_french				094F96	094F96	094F96	094F96	094F96	6B8E96	094F96
ntw3_tow_c14_i8_030	10030	sc_european_west	playable	Napoli	NTW3	names_french	france		false	true	true		data\ui\flags\f_14a_tow030			euro_group			Fr	false	false	names_english	names_french				DDDDDD	DDDDDD	DDDDDD	DDDDDD	DDDDDD	2F52DD	DDDDDD
ntw3_tow_b14_a8_031	10031	sc_european_west	playable	Österreich	NTW3	names_french	france		false	true	true		data\ui\flags\f_14b_tow031			euro_group			Ge	false	false	names_english	names_french				A59056	A59056	A59056	A59056	A59056	5F8256	A59056
ntw3_tow_a03_f8_032	10032	sc_european_west	playable	France	NTW3	names_french	france		false	true	true		data\ui\flags\f_03a_tow032			euro_group			Fr	false	false	names_english	names_french				094F96	094F96	094F96	094F96	094F96	547796	094F96
ntw3_tow_a03_f8_033	10033	sc_european_west	playable	France	NTW3	names_french	france		false	true	true		data\ui\flags\f_03a_tow033			euro_group			Fr	false	false	names_english	names_french				094F96	094F96	094F96	094F96	094F96	395C96	094F96
ntw3_tow_a03_f8_038	10038	sc_european_west	playable	France	NTW3	names_french	france		false	true	true		data\ui\flags\f_03a_tow038			euro_group			Fr	false	false	names_english	names_french				094F96	094F96	094F96	094F96	094F96	325596	094F96
ntw3_tow_b03_a8_039	10039	sc_european_west	playable	Österreich	NTW3	names_french	france		false	true	true		data\ui\flags\f_03b_tow039			euro_group			Ge	false	false	names_english	names_french				A59056	A59056	A59056	A59056	A59056	6A8D56	A59056
ntw3_tow_a03_f8_040	10040	sc_european_west	playable	France	NTW3	names_french	france		false	true	true		data\ui\flags\f_03a_tow040			euro_group			Fr	false	false	names_english	names_french				094F96	094F96	094F96	094F96	094F96	537696	094F96
ntw3_tow_b03_u8_041	10041	sc_european_west	playable	UK	NTW3	names_french	france		false	true	true		data\ui\flags\f_03b_tow041			euro_group			Uk	false	false	names_english	names_french				DE0000	DE0000	DE0000	DE0000	DE0000	2D5000	DE0000
ntw3_tow_b03_a8_042	10042	sc_european_west	playable	Österreich	NTW3	names_french	france		false	true	true		data\ui\flags\f_03b_tow042			euro_group			Ge	false	false	names_english	names_french				A59056	A59056	A59056	A59056	A59056	2E5156	A59056
ntw3_tow_b03_ru8_043	10043	sc_european_west	playable	"UK, Russia"	NTW3	names_french	france		false	true	true		data\ui\flags\f_03b_tow043			euro_group			Uk	false	false	names_english	names_french				DE0000	DE0000	DE0000	DE0000	DE0000	628500	DE0000
ntw3_tow_b08_a8_044	10044	sc_european_west	playable	Österreich	NTW3	names_french	france		false	true	true		data\ui\flags\f_08b_tow044			euro_group			Ge	false	false	names_english	names_french				A59056	A59056	A59056	A59056	A59056	577A56	A59056
ntw3_tow_b08_u8_045	10045	sc_european_west	playable	UK	NTW3	names_french	france		false	true	true		data\ui\flags\f_08b_tow045			euro_group			Uk	false	false	names_english	names_french				DE0000	DE0000	DE0000	DE0000	DE0000	527500	DE0000
ntw3_tow_b08_a8_046	10046	sc_european_west	playable	Österreich	NTW3	names_french	france		false	true	true		data\ui\flags\f_08b_tow046			euro_group			Ge	false	false	names_english	names_french				A59056	A59056	A59056	A59056	A59056	254856	A59056
ntw3_tow_a08_f8_047	10047	sc_european_west	playable	France	NTW3	names_french	france		false	true	true		data\ui\flags\f_08a_tow047			euro_group			Fr	false	false	names_english	names_french				094F96	094F96	094F96	094F96	094F96	638696	094F96
ntw3_tow_c08_x8_048	10048	sc_european_west	playable	"Polska, sojusznicy"	NTW3	names_french	france		false	true	true		data\ui\flags\f_08a_tow048			euro_group			Ge	false	false	names_english	names_french				094F96	094F96	094F96	094F96	094F96	204396	094F96
ntw3_tow_b13_eu8_049	10049	sc_european_west	playable	"UK, Portugal"	NTW3	names_french	france		false	true	true		data\ui\flags\f_13b_tow049			euro_group			Uk	false	false	names_english	names_french				DE0000	DE0000	DE0000	DE0000	DE0000	325500	DE0000
ntw3_tow_b13_e8_050	10050	sc_european_south	playable	España	NTW3	names_french	france		false	true	true		data\ui\flags\f_13b_tow050			euro_group			Sp	false	false	names_english	names_french				FDD901	FDD901	FDD901	FDD901	FDD901	5F8201	FDD901
ntw3_tow_c15_r8_051	10051	sc_european_east	playable	Rossiya	NTW3	names_french	france		false	true	true		data\ui\flags\f_15a_tow051			euro_group			Ru	false	false	names_english	names_french				226A22	226A22	226A22	226A22	226A22	507322	226A22
ntw3_tow_b15_o8_052	10052	sc_mideast_islamic	playable	Osmanlı	NTW3	names_french	france		false	true	true		data\ui\flags\f_15b_tow052			euro_group			Tu	false	false	names_english	names_french				860000	860000	860000	860000	860000	204300	860000
ntw3_tow_b15_o8_053	10053	sc_mideast_islamic	playable	Irānshahr	NTW3	names_french	france		false	true	true		data\ui\flags\f_15b_tow053			euro_group			Tu	false	false	names_english	names_french				008600	008600	008600	008600	008600	466900	008600
ntw3_tow_a17_f8_054	10054	sc_european_west	playable	France	NTW3	names_french	france		false	true	true		data\ui\flags\f_17a_tow054			euro_group			Fr	false	false	names_english	names_french				094F96	094F96	094F96	094F96	094F96	446796	094F96
ntw3_tow_b17_a8_055	10055	sc_european_west	playable	Österreich	NTW3	names_french	france		false	true	true		data\ui\flags\f_17b_tow055			euro_group			Ge	false	false	names_english	names_french				A59056	A59056	A59056	A59056	A59056	6A8D56	A59056
ntw3_tow_b17_p8_056	10056	sc_european_north	playable	Preußen	NTW3	names_french	france		false	true	true		data\ui\flags\f_17b_tow056			euro_group			Ge	false	false	names_english	names_french				1E2343	1E2343	1E2343	1E2343	1E2343	406343	1E2343
ntw3_tow_b17_r8_057	10057	sc_european_east	playable	Rossiya	NTW3	names_french	france		false	true	true		data\ui\flags\f_17b_tow057			euro_group			Ru	false	false	names_english	names_french				226A22	226A22	226A22	226A22	226A22	3D6022	226A22
